{
    "(1, 1, False)": {
        "north": -1.9697930966332318,
        "south": -1.940401521026517,
        "east": -1.9662590834441724,
        "west": -1.9698324552051756,
        "pickup": 0.0,
        "dropoff": 12.033923649843198
    },
    "(1, 1, True)": {
        "north": -1.0255634290153492,
        "south": -0.51,
        "east": -0.5549999999999999,
        "west": -1.0018000622082741,
        "pickup": 0.0,
        "dropoff": 0.0
    },
    "(1, 2, False)": {
        "north": -1.9947332839093783,
        "south": -1.9944865883116112,
        "east": -1.990627519527699,
        "west": -1.994442050641129,
        "pickup": 0.0,
        "dropoff": 0.0
    },
    "(1, 2, True)": {
        "north": -1.554810194061484,
        "south": -1.4191223930226091,
        "east": -1.1125893749999998,
        "west": -1.5537563863814912,
        "pickup": 0.0,
        "dropoff": 0.0
    },
    "(1, 3, False)": {
        "north": -1.9972530063230374,
        "south": -1.9973375091782128,
        "east": -1.9951075066154556,
        "west": -1.9966651107705853,
        "pickup": 0.0,
        "dropoff": 12.004207433085957
    },
    "(1, 3, True)": {
        "north": -1.0779563762575075,
        "south": -1.2675949944291276,
        "east": -0.5549999999999999,
        "west": -1.1754990964393208,
        "pickup": 0.0,
        "dropoff": 0.0
    },
    "(1, 4, False)": {
        "north": -1.9935036714218919,
        "south": -1.9935136962857805,
        "east": -1.9870277086888573,
        "west": -1.9935134733310496,
        "pickup": 0.0,
        "dropoff": 0.0
    },
    "(1, 4, True)": {
        "north": -1.8355984513316537,
        "south": -1.8264119838555302,
        "east": -1.671200732434148,
        "west": -1.8355994235405888,
        "pickup": 0.0,
        "dropoff": 0.0
    },
    "(1, 5, False)": {
        "north": -1.7705565641845482,
        "south": -1.885269546670875,
        "east": -1.8645473825354852,
        "west": -1.8852658532524675,
        "pickup": 0.0,
        "dropoff": 0.0
    },
    "(1, 5, True)": {
        "north": -1.3961170696874998,
        "south": -1.671945255958435,
        "east": -1.611135494961501,
        "west": -1.6797820769229665,
        "pickup": 0.0,
        "dropoff": 0.0
    },
    "(2, 1, False)": {
        "north": -1.9340343157774045,
        "south": -1.8737731533986905,
        "east": -1.9354890237719986,
        "west": -1.934033176100425,
        "pickup": 0.0,
        "dropoff": 0.0
    },
    "(2, 1, True)": {
        "north": -1.5464686216950656,
        "south": -1.1125893749999998,
        "east": -1.4152758373749332,
        "west": -1.5561586892021642,
        "pickup": 0.0,
        "dropoff": 0.0
    },
    "(2, 2, False)": {
        "north": -1.9999999999928901,
        "south": -1.9999999999941587,
        "east": -1.9999999999937228,
        "west": -1.9999999999908864,
        "pickup": 0.0,
        "dropoff": 0.0
    },
    "(2, 2, True)": {
        "north": -1.9995832816530417,
        "south": -1.9994698977171295,
        "east": -1.9995369068289306,
        "west": -1.9995727775593481,
        "pickup": 0.0,
        "dropoff": 0.0
    },
    "(2, 3, False)": {
        "north": -1.9999999999993325,
        "south": -1.999999999998959,
        "east": -1.999999999999432,
        "west": -1.99999999999942,
        "pickup": 0.0,
        "dropoff": 0.0
    },
    "(2, 3, True)": {
        "north": -1.99737222099458,
        "south": -1.9964156037407297,
        "east": -1.9962368768247463,
        "west": -1.9964061657969854,
        "pickup": 0.0,
        "dropoff": 0.0
    },
    "(2, 4, False)": {
        "north": -1.9999999999562017,
        "south": -1.9999999999672142,
        "east": -1.9999999999710025,
        "west": -1.999999999973765,
        "pickup": 0.0,
        "dropoff": 0.0
    },
    "(2, 4, True)": {
        "north": -1.9999987207076002,
        "south": -1.9999976493884764,
        "east": -1.999998576143861,
        "west": -1.9999984297753564,
        "pickup": 0.0,
        "dropoff": 0.0
    },
    "(2, 5, False)": {
        "north": -1.7479114297228628,
        "south": -1.415847665710551,
        "east": -1.4897556977179889,
        "west": -1.5826719010045986,
        "pickup": 0.0,
        "dropoff": 0.0
    },
    "(2, 5, True)": {
        "north": -1.9707637232512463,
        "south": -1.9841063187270285,
        "east": -1.984410940025029,
        "west": -1.9834515560612593,
        "pickup": 12.015190969637443,
        "dropoff": 0.0
    },
    "(3, 1, False)": {
        "north": -1.962450068289376,
        "south": -1.927952871631137,
        "east": -1.9624500932262925,
        "west": -1.9617860786901118,
        "pickup": 0.0,
        "dropoff": 0.0
    },
    "(3, 1, True)": {
        "north": -1.9433958173030352,
        "south": -1.9088011033305539,
        "east": -1.9426336873628238,
        "west": -1.945966756581302,
        "pickup": 0.0,
        "dropoff": 0.0
    },
    "(3, 2, False)": {
        "north": -1.9999998814564641,
        "south": -1.9999998355484372,
        "east": -1.999999886730381,
        "west": -1.999999836381542,
        "pickup": 0.0,
        "dropoff": 0.0
    },
    "(3, 2, True)": {
        "north": -1.9999926537786157,
        "south": -1.9999918181251153,
        "east": -1.9999895433864667,
        "west": -1.9999928181067734,
        "pickup": 0.0,
        "dropoff": 0.0
    },
    "(3, 3, False)": {
        "north": -1.9999999990472555,
        "south": -1.9999999991379762,
        "east": -1.9999999991402135,
        "west": -1.999999999223042,
        "pickup": 0.0,
        "dropoff": 0.0
    },
    "(3, 3, True)": {
        "north": -1.9999953642986499,
        "south": -1.99999425641477,
        "east": -1.9999944450414069,
        "west": -1.9999947679403736,
        "pickup": 0.0,
        "dropoff": 0.0
    },
    "(3, 4, False)": {
        "north": -1.9999999999599987,
        "south": -1.999999999966958,
        "east": -1.9999999999627103,
        "west": -1.999999999950271,
        "pickup": 0.0,
        "dropoff": 0.0
    },
    "(3, 4, True)": {
        "north": -1.9999984321445254,
        "south": -1.9999985969101688,
        "east": -1.9999983279744022,
        "west": -1.9999980542283144,
        "pickup": 0.0,
        "dropoff": 0.0
    },
    "(3, 5, False)": {
        "north": -1.9751491647635593,
        "south": -1.9875477682669112,
        "east": -1.987027884355279,
        "west": -1.9875294518864335,
        "pickup": 0.0,
        "dropoff": 0.0
    },
    "(3, 5, True)": {
        "north": -1.8737731533986905,
        "south": -1.9309891394321357,
        "east": -1.933398041007086,
        "west": -1.9349106800543694,
        "pickup": 0.0,
        "dropoff": 0.0
    },
    "(4, 1, False)": {
        "north": -1.9214710763831522,
        "south": -1.8446001542507875,
        "east": -1.9189894857182268,
        "west": -1.9062321764434043,
        "pickup": 0.0,
        "dropoff": 0.0
    },
    "(4, 1, True)": {
        "north": -1.9246679883460929,
        "south": -1.8737731533986905,
        "east": -1.9262992589379861,
        "west": -1.935530491124951,
        "pickup": 0.0,
        "dropoff": 0.0
    },
    "(4, 2, False)": {
        "north": -1.5400446920767157,
        "south": -1.5513656485555862,
        "east": -1.6388929096681955,
        "west": -1.2959221650075088,
        "pickup": 0.0,
        "dropoff": 0.0
    },
    "(4, 2, True)": {
        "north": -1.9999999799365908,
        "south": -1.999999981074001,
        "east": -1.9999999738966192,
        "west": -1.9999999848077785,
        "pickup": 12.0000000175416,
        "dropoff": 0.0
    },
    "(4, 3, False)": {
        "north": -1.9999998909059369,
        "south": -1.9999998335777671,
        "east": -1.9999998855637617,
        "west": -1.999999889611939,
        "pickup": 0.0,
        "dropoff": 0.0
    },
    "(4, 3, True)": {
        "north": -1.9999978247513162,