{
    "(1, 1, False)": {
        "north": 6.231830937499998,
        "south": 1.8695492812499996,
        "east": 1.8695492812499996,
        "west": 6.231830937499992,
        "pickup": 0.0,
        "dropoff": 14.463661874999998
    },
    "(1, 1, True)": {
        "north": -0.94235199,
        "south": -0.3,
        "east": 0.0,
        "west": -0.9861587127989999,
        "pickup": 0.0,
        "dropoff": 0.0
    },
    "(1, 2, False)": {
        "north": -0.9999999999999999,
        "south": -0.9999999999999999,
        "east": -0.8319300000000001,
        "west": -0.9999999999999999,
        "pickup": 0.0,
        "dropoff": 0.0
    },
    "(1, 2, True)": {
        "north": -0.94235199,
        "south": -0.8319300000000001,
        "east": 0.0,
        "west": -0.882351,
        "pickup": 0.0,
        "dropoff": 0.0
    },
    "(1, 3, False)": {
        "north": 6.231830937499998,
        "south": 6.231830937499998,
        "east": 3.5615362781249993,
        "west": 6.231830937499998,
        "pickup": 0.0,
        "dropoff": 14.463661874999998
    },
    "(1, 3, True)": {
        "north": -0.959646393,
        "south": -0.8319300000000001,
        "east": 0.0,
        "west": -0.9994414541359168,
        "pickup": 0.0,
        "dropoff": 0.0
    },
    "(1, 4, False)": {
        "north": -0.9999999999999999,
        "south": -0.9999999999999999,
        "east": -0.51,
        "west": -0.9999999999999999,
        "pickup": 0.0,
        "dropoff": 0.0
    },
    "(1, 4, True)": {
        "north": -0.9717524751,
        "south": -0.9861587127989999,
        "east": -0.3,
        "west": -0.9176457,
        "pickup": 0.0,
        "dropoff": 0.0
    },
    "(1, 5, False)": {
        "north": -0.3,
        "south": -0.9999999999999999,
        "east": -0.51,
        "west": -0.9999999999999999,
        "pickup": 0.0,
        "dropoff": 0.0
    },
    "(1, 5, True)": {
        "north": 0.0,
        "south": -0.94235199,
        "east": 0.0,
        "west": -0.9717524751,
        "pickup": 0.0,
        "dropoff": 0.0
    },
    "(2, 1, False)": {
        "north": -0.9999999999999999,
        "south": 0.0,
        "east": -0.9999999999999999,
        "west": -0.9999999999999999,
        "pickup": 0.0,
        "dropoff": 0.0
    },
    "(2, 1, True)": {
        "north": -0.9802267325699999,
        "south": 0.0,
        "east": -0.9802267325699999,
        "west": -0.9992020773370239,
        "pickup": 0.0,
        "dropoff": 0.0
    },
    "(2, 2, False)": {
        "north": -0.9999999999999999,
        "south": -0.9999999999999999,
        "east": -0.9999999999999999,
        "west": -0.9999999999999999,
        "pickup": 0.0,
        "dropoff": 0.0
    },
    "(2, 2, True)": {
        "north": -0.9903110989592999,
        "south": -0.9861587127989999,
        "east": -0.882351,
        "west": -0.99321776927151,
        "pickup": 0.0,
        "dropoff": 0.0
    },
    "(2, 3, False)": {
        "north": -0.9999999999999999,
        "south": -0.9999999999999999,
        "east": -0.9999999999999999,
        "west": -0.9999999999999999,
        "pickup": 0.0,
        "dropoff": 0.0
    },
    "(2, 3, True)": {
        "north": -0.9983715864020896,
        "south": -0.9966767069430399,
        "east": -0.9717524751,
        "west": -0.9717524751,
        "pickup": 0.0,
        "dropoff": 0.0
    },
    "(2, 4, False)": {
        "north": -0.9999999999999999,
        "south": -0.9999999999999999,
        "east": -0.9999999999999999,
        "west": -0.9999999999999999,
        "pickup": 0.0,
        "dropoff": 0.0
    },
    "(2, 4, True)": {
        "north": -0.9903110989592999,
        "south": -0.9717524751,
        "east": -0.99321776927151,
        "west": -0.9992020773370239,
        "pickup": 0.0,
        "dropoff": 0.0
    },
    "(2, 5, False)": {
        "north": -0.8319300000000001,
        "south": -0.9999999999999999,
        "east": -0.9999999999999999,
        "west": -0.9999999999999999,
        "pickup": 0.0,
        "dropoff": 0.0
    },
    "(2, 5, True)": {
        "north": 3.3178837781249992,
        "south": 6.198568142104053,
        "east": 5.747107608814686,
        "west": 6.147076974376534,
        "pickup": 14.463661874999998,
        "dropoff": 0.0
    },
    "(3, 1, False)": {
        "north": -0.9999999999999999,
        "south": -0.3,
        "east": -0.9999999999999999,
        "west": -0.9999999999999999,
        "pickup": 0.0,
        "dropoff": 0.0
    },
    "(3, 1, True)": {
        "north": -0.99321776927151,
        "south": 0.0,
        "east": -0.9976736948601279,
        "west": -0.9976736948601279,
        "pickup": 0.0,
        "dropoff": 0.0
    },
    "(3, 2, False)": {
        "north": -0.9999999999999999,
        "south": -0.9999999999999999,
        "east": -0.9999999999999999,
        "west": -0.9999999999999999,
        "pickup": 0.0,
        "dropoff": 0.0
    },
    "(3, 2, True)": {
        "north": -0.9988601104814627,
        "south": -0.9861587127989999,
        "east": -0.9861587127989999,
        "west": -0.99321776927151,
        "pickup": 0.0,
        "dropoff": 0.0
    },
    "(3, 3, False)": {
        "north": -0.9999999999999999,
        "south": -0.9999999999999999,
        "east": -0.9999999999999999,
        "west": -0.9999999999999999,
        "pickup": 0.0,
        "dropoff": 0.0
    },
    "(3, 3, True)": {
        "north": -0.9983715864020896,
        "south": -0.99321776927151,
        "east": -0.9802267325699999,
        "west": -0.99321776927151,
        "pickup": 0.0,
        "dropoff": 0.0
    },
    "(3, 4, False)": {
        "north": -0.9999999999999999,
        "south": -0.9999999999999999,
        "east": -0.9999999999999999,
        "west": -0.9999999999999999,
        "pickup": 0.0,
        "dropoff": 0.0
    },
    "(3, 4, True)": {
        "north": -0.9998658931380336,
        "south": -0.9861587127989999,
        "east": -0.9861587127989999,
        "west": -0.9976736948601279,
        "pickup": 0.0,
        "dropoff": 0.0
    },
    "(3, 5, False)": {
        "north": -0.657,
        "south": -0.9999999999999999,
        "east": -0.9999999999999999,
        "west": -0.9999999999999999,
        "pickup": 0.0,
        "dropoff": 0.0
    },
    "(3, 5, True)": {
        "north": 0.0,
        "south": -0.9976736948601279,
        "east": -0.9998658931380336,
        "west": -0.9861587127989999,
        "pickup": 0.0,
        "dropoff": 0.0
    },
    "(4, 1, False)": {
        "north": -0.9999999999999999,
        "south": -0.657,
        "east": -0.9999999999999999,
        "west": -0.9999999999999999,
        "pickup": 0.0,
        "dropoff": 0.0
    },
    "(4, 1, True)": {
        "north": -0.99321776927151,
        "south": 0.0,
        "east": -0.9976736948601279,
        "west": -0.9988601104814627,
        "pickup": 0.0,
        "dropoff": 0.0
    },
    "(4, 2, False)": {
        "north": -0.9999999999999999,
        "south": -0.9999999999999999,
        "east": -0.9999999999999999,
        "west": -0.9999999999999999,
        "pickup": 0.0,
        "dropoff": 0.0
    },
    "(4, 2, True)": {
        "north": 5.969167672745287,
        "south": 6.155958160181976,
        "east": 5.959303354680001,
        "west": 6.188227262208,
        "pickup": 14.463661874999998,
        "dropoff": 0.0
    },
    "(4, 3, False)": {
        "north": -0.9999999999999999,
        "south": -0.9999999999999999,
        "east": -0.9999999999999999,
        "west": -0.9999999999999999,
        "pickup": 0.0,
        "dropoff": 0.0
    },
    "(4, 3, True)": {
        "north": -0.9176457,
        "south": -0.9983715864020896,
        "east": -0.9966767069430399,
        "west": -0.9861587127989999,
        "pickup": 0.0,
        "dropoff": 0.0
    },
    "(4, 4, False)": {
        "north": -0.9999999999999999,
        "south": -0.9999999999999999,
        "east": -0.9999999999999999,
        "west": -0.9999999999999999,
        "pickup": 0.0,
        "dropoff": 0.0
    },