{
    "(1, 1, False)": {
        "north": -1.9929071033306327,
        "south": -1.9893956029602275,
        "east": -1.9858145902839635,
        "west": -1.9929035236617527,
        "pickup": 0.0,
        "dropoff": 12.007217117287027
    },
    "(1, 1, True)": {
        "north": -1.070851929893724,
        "south": -0.5549999999999999,
        "east": -0.51,
        "west": -1.0124522083728162,
        "pickup": 0.0,
        "dropoff": 0.0
    },
    "(1, 2, False)": {
        "north": -1.9970922576272636,
        "south": -1.997101478304448,
        "east": -1.994244125429948,
        "west": -1.9970916034015382,
        "pickup": 0.0,
        "dropoff": 0.0
    },
    "(1, 2, True)": {
        "north": -1.332771217843124,
        "south": -1.2770405520479922,
        "east": -0.7717499999999999,
        "west": -1.3100124999678,
        "pickup": 0.0,
        "dropoff": 0.0
    },
    "(1, 3, False)": {
        "north": -1.983867200019216,
        "south": -1.9844550250046278,
        "east": -1.9707637232512463,
        "west": -1.9813130886494585,
        "pickup": 0.0,
        "dropoff": 12.020244104677724
    },
    "(1, 3, True)": {
        "north": -1.2228131970633156,
        "south": -1.2134124242536808,
        "east": -0.7717499999999999,
        "west": -1.175051063545139,
        "pickup": 0.0,
        "dropoff": 0.0
    },
    "(1, 4, False)": {
        "north": -1.9257414247322333,
        "south": -1.9257484778341984,
        "east": -1.8514978275278715,
        "west": -1.925712396568232,
        "pickup": 0.0,
        "dropoff": 0.0
    },
    "(1, 4, True)": {
        "north": -1.8326510521777313,
        "south": -1.821933829559807,
        "east": -1.665313512620771,
        "west": -1.8326509599421534,
        "pickup": 0.0,
        "dropoff": 0.0
    },
    "(1, 5, False)": {
        "north": -1.7097615211410002,
        "south": -1.851573965711525,
        "east": -1.767792714914433,
        "west": -1.8478912053378713,
        "pickup": 0.0,
        "dropoff": 0.0
    },
    "(1, 5, True)": {
        "north": -1.7100905181478154,
        "south": -1.828830124920017,
        "east": -1.7091576682785758,
        "west": -1.8294284261253781,
        "pickup": 0.0,
        "dropoff": 0.0
    },
    "(2, 1, False)": {
        "north": -1.9982037896267837,
        "south": -1.9969953975002164,
        "east": -1.998230593908812,
        "west": -1.9982625086923562,
        "pickup": 0.0,
        "dropoff": 0.0
    },
    "(2, 1, True)": {
        "north": -1.7940841124923248,
        "south": -1.6062511913185542,
        "east": -1.769656638246874,
        "west": -1.8025113535643014,
        "pickup": 0.0,
        "dropoff": 0.0
    },
    "(2, 2, False)": {
        "north": -1.9999999999988542,
        "south": -1.99999999999835,
        "east": -1.9999999999987703,
        "west": -1.9999999999988605,
        "pickup": 0.0,
        "dropoff": 0.0
    },
    "(2, 2, True)": {
        "north": -1.9992049252691344,
        "south": -1.9992532698170997,
        "east": -1.9989946024289118,
        "west": -1.999301030029214,
        "pickup": 0.0,
        "dropoff": 0.0
    },
    "(2, 3, False)": {
        "north": -1.9999999999963833,
        "south": -1.9999999999978089,
        "east": -1.9999999999976932,
        "west": -1.9999999999968308,
        "pickup": 0.0,
        "dropoff": 0.0
    },
    "(2, 3, True)": {
        "north": -1.9998187456272443,
        "south": -1.9997886732345824,
        "east": -1.9997501137273586,
        "west": -1.9998119357010977,
        "pickup": 0.0,
        "dropoff": 0.0
    },
    "(2, 4, False)": {
        "north": -1.9999999973684783,
        "south": -1.9999999974449012,
        "east": -1.9999999974536964,
        "west": -1.9999999972829798,
        "pickup": 0.0,
        "dropoff": 0.0
    },
    "(2, 4, True)": {
        "north": -1.9999819030184485,
        "south": -1.999967847767473,
        "east": -1.9999774426652692,
        "west": -1.9999798142311742,
        "pickup": 0.0,
        "dropoff": 0.0
    },
    "(2, 5, False)": {
        "north": -1.7501240353556788,
        "south": -1.5617343714760934,
        "east": -1.711786028236706,
        "west": -1.7167957439355552,
        "pickup": 0.0,
        "dropoff": 0.0
    },
    "(2, 5, True)": {
        "north": -1.8727421278595593,
        "south": -1.9363429344339642,
        "east": -1.9363708412368648,
        "west": -1.9363507623236291,
        "pickup": 12.063634884578423,
        "dropoff": 0.0
    },
    "(3, 1, False)": {
        "north": -1.8932924727613503,
        "south": -1.7944606609382308,
        "east": -1.8961845968227093,
        "west": -1.886415668805304,
        "pickup": 0.0,
        "dropoff": 0.0
    },
    "(3, 1, True)": {
        "north": -1.930040596289038,
        "south": -1.8737731533986905,
        "east": -1.9237945050876493,
        "west": -1.9364387700685062,
        "pickup": 0.0,
        "dropoff": 0.0
    },
    "(3, 2, False)": {
        "north": -1.9999999906591381,
        "south": -1.9999999905147194,
        "east": -1.9999999913397084,
        "west": -1.9999999858202773,
        "pickup": 0.0,
        "dropoff": 0.0
    },
    "(3, 2, True)": {
        "north": -1.9999966322699774,
        "south": -1.9999962402181892,
        "east": -1.9999967296014538,
        "west": -1.9999974733043682,
        "pickup": 0.0,
        "dropoff": 0.0
    },
    "(3, 3, False)": {
        "north": -1.9999999999344555,
        "south": -1.9999999999355567,
        "east": -1.9999999999496083,
        "west": -1.9999999999320792,
        "pickup": 0.0,
        "dropoff": 0.0
    },
    "(3, 3, True)": {
        "north": -1.9999965548845828,
        "south": -1.999997343863106,
        "east": -1.9999962658071102,
        "west": -1.9999968855946566,
        "pickup": 0.0,
        "dropoff": 0.0
    },
    "(3, 4, False)": {
        "north": -1.9999999999689293,
        "south": -1.999999999962347,
        "east": -1.9999999999627596,
        "west": -1.9999999999714633,
        "pickup": 0.0,
        "dropoff": 0.0
    },
    "(3, 4, True)": {
        "north": -1.9999923881834802,
        "south": -1.9999941721331242,
        "east": -1.9999932495173525,
        "west": -1.9999917341865416,
        "pickup": 0.0,
        "dropoff": 0.0
    },
    "(3, 5, False)": {
        "north": -1.9088011033305539,
        "south": -1.9503254996117438,
        "east": -1.9430286812701485,
        "west": -1.9422987031921748,
        "pickup": 0.0,
        "dropoff": 0.0
    },
    "(3, 5, True)": {
        "north": -1.6062511913185542,
        "south": -1.7860657089131484,
        "east": -1.8002639023986289,
        "west": -1.7682559266138962,
        "pickup": 0.0,
        "dropoff": 0.0
    },
    "(4, 1, False)": {
        "north": -1.8393024683948123,
        "south": -1.7155164857276552,
        "east": -1.8401600395888082,
        "west": -1.8258582707820277,
        "pickup": 0.0,
        "dropoff": 0.0
    },
    "(4, 1, True)": {
        "north": -1.9797613549531081,
        "south": -1.959534565053628,
        "east": -1.9797643822366826,
        "west": -1.979767241456988,
        "pickup": 0.0,
        "dropoff": 0.0
    },
    "(4, 2, False)": {
        "north": -1.3559945508926838,
        "south": -1.6048244663114395,
        "east": -1.4707581241979848,
        "west": -1.6840214978536012,
        "pickup": 0.0,
        "dropoff": 0.0
    },
    "(4, 2, True)": {
        "north": -1.9999998882753367,
        "south": -1.9999999251532499,
        "east": -1.999999884635713,
        "west": -1.999999927358954,
        "pickup": 12.000000104615992,
        "dropoff": 0.0
    },
    "(4, 3, False)": {
        "north": -1.9999998250667292,
        "south": -1.9999997425925946,
        "east": -1.9999998286459777,
        "west": -1.9999998005345783,
        "pickup": 0.0,
        "dropoff": 0.0
    },
    "(4, 3, True)": {
        "north": -1.9999987881333483,