"State (x, y, carrying)",North,South,East,West,Pickup,Dropoff
"(1, 1, False)",-0.9984976987501086,0.0,0.0,-0.8031255956592774,0.0,7.2318309375
"(1, 2, False)",-1.1673265253164777,-1.0638143043252652,0.0,-1.0770958393064753,0.0,0.0
"(1, 3, False)",-1.277184896987157,-1.1264838317074934,0.0,-1.0000776732541823,0.0,10.370706835206512
"(1, 4, False)",-1.0760732596374023,-1.0497900726662865,0.0,-1.0701521013749893,0.0,0.0
"(1, 5, False)",0.0,-0.9999973448128877,0.0,-0.9982325867648336,0.0,0.0
"(2, 1, False)",-1.0274158517897016,0.0,-1.0146024133804141,-0.27749999999999997,0.0,0.0
"(2, 2, False)",-1.56198288692773,-1.545561175371645,-1.6255004807493871,-1.2180140807743847,0.0,0.0
"(2, 3, False)",-1.917290438193261,-1.8825151041704302,-1.9371135483765682,-1.916436385830814,0.0,0.0
"(2, 4, False)",-1.4002677597325308,-1.4476252552803155,-1.3923768048846543,-0.7503281198894649,0.0,0.0
"(2, 5, False)",0.0,-1.1088241019906848,-1.0361401558046455,-1.1658803438309953,0.0,0.0
"(3, 1, False)",-0.2870625,0.0,-0.7053241980468751,-0.15,0.0,0.0
"(3, 2, False)",-0.803666301038086,-0.41624999999999995,-1.1059351019158077,-0.27749999999999997,0.0,0.0
"(3, 3, False)",-1.4923163063985065,-1.3701657274342085,-1.3808584663772974,-0.7472039018554686,0.0,0.0
"(3, 4, False)",-1.420726926380335,-0.7959641139660645,-1.4667136010628368,-1.4623827636073354,0.0,0.0
"(3, 5, False)",0.0,-1.1021597708293769,-1.0232818851013872,-1.015070740652947,0.0,0.0
"(4, 1, False)",-0.15,0.0,-0.714886698046875,0.0,0.0,0.0
"(4, 2, False)",-0.587803125,-0.28874999999999995,-0.47799375,-0.4861218749999999,0.0,0.0
"(4, 3, False)",-1.041079386498768,0.0,-0.878739581632429,-1.1714083578323293,0.0,0.0
"(4, 4, False)",-1.9136307488795505,-1.8933495125745763,-1.8181774740087404,-1.9205792759986042,0.0,0.0
"(4, 5, False)",0.0,-1.0514598608878536,-1.067823098055476,-1.0248017344536986,0.0,0.0
"(5, 1, False)",0.0,0.0,-0.5562946875,0.0,0.0,0.0
"(5, 2, False)",-0.65971332421875,0.0,-0.27749999999999997,0.0,0.0,0.0
"(5, 3, False)",-1.067738097275763,-0.47799375,-1.017020186436731,0.0,0.0,0.0
"(5, 4, False)",-1.0517940458198296,-0.7535198173026776,-1.1469679851262136,0.0,0.0,9.955210894998046
"(5, 5, False)",0.0,-0.9999993850136693,-0.9999991488078468,0.0,0.0,0.0
