"State (x, y, carrying)",North,South,East,West,Pickup,Dropoff
"(1, 1, False)",-0.8823509999999999,0.0,0.0,-0.8319300000000001,0.0,3.9
"(1, 2, False)",-0.8881574999999999,-0.7819499999999999,0.0,-0.8823509999999999,0.0,0.0
"(1, 3, False)",-0.657,-0.7599,0.0,-0.9999999999999996,0.0,10.81509
"(1, 4, False)",-0.51,-0.8319300000000001,0.0,-0.7599,0.0,0.0
"(1, 5, False)",0.0,-0.3,0.0,-0.51,0.0,0.0
"(2, 1, False)",-0.9999999999999996,0.0,-0.9685914899999999,-0.7334999999999999,0.0,0.0
"(2, 2, False)",-0.9559875,-1.477993749999999,-1.067071875,-0.9787462499999999,0.0,0.0
"(2, 3, False)",-0.8966999999999998,-0.7334999999999999,-1.2774999999999992,-0.5549999999999999,0.0,0.0
"(2, 4, False)",0.0,-0.7599,-0.9176456999999998,-0.3,0.0,0.0
"(2, 5, False)",0.0,-0.7599,-0.3,-0.51,0.0,0.0
"(3, 1, False)",-0.657,0.0,-0.7599,0.0,0.0,0.0
"(3, 2, False)",-0.8823509999999999,-0.657,-0.8319300000000001,0.0,0.0,0.0
"(3, 3, False)",-0.5932499999999999,-0.9084299999999998,-0.5549999999999999,-0.657,0.0,0.0
"(3, 4, False)",-0.657,-0.657,0.0,-0.3,0.0,0.0
"(3, 5, False)",0.0,-0.51,0.0,-0.657,0.0,0.0
"(4, 1, False)",0.0,0.0,-0.51,0.0,0.0,0.0
"(4, 2, False)",-0.3,-0.51,-0.51,0.0,0.0,0.0
"(4, 3, False)",-0.657,0.0,-0.51,-0.7599,0.0,0.0
"(4, 4, False)",-0.3,-0.3,-0.51,-0.8363999999999999,0.0,0.0
"(4, 5, False)",0.0,-0.657,-0.3,-0.8823509999999999,0.0,0.0
"(5, 1, False)",-0.51,0.0,0.0,0.0,0.0,0.0
"(5, 2, False)",-0.51,0.0,0.0,0.0,0.0,0.0
"(5, 3, False)",-0.8319300000000001,0.0,-0.7599,0.0,0.0,0.0
"(5, 4, False)",-0.51,-0.657,-0.3,0.0,0.0,10.81509
"(5, 5, False)",0.0,-0.51,-0.8823509999999999,0.0,0.0,0.0
