"State (x, y, carrying)",North,South,East,West,Pickup,Dropoff
"(1, 1, False)",-0.9997263125265989,0.0,0.0,-0.9999999874107446,0.0,8.541
"(1, 2, False)",-1.0362404860719823,-0.9999994217900889,0.0,-0.9999999999999996,0.0,0.0
"(1, 3, False)",-1.1682327266941999,-1.0027283767537045,0.0,-0.9999999999999996,0.0,10.81509
"(1, 4, False)",-1.002781317489405,-0.9994414541359165,0.0,-0.9999999999999996,0.0,0.0
"(1, 5, False)",0.0,-0.9999999999999025,0.0,-0.9999999999929681,0.0,0.0
"(2, 1, False)",-0.9999999999999996,0.0,-1.0013194751917314,-1.1784274128989898,0.0,0.0
"(2, 2, False)",-1.9926706242851178,-1.9943655101736883,-1.9938330274045044,-1.9877902669866905,0.0,0.0
"(2, 3, False)",-1.965418147618338,-1.9722607980895304,-1.9792959091169597,-1.9589086827138078,0.0,0.0
"(2, 4, False)",-1.9769556488942142,-1.980795771620008,-1.9769387403526828,-1.9538774807053798,0.0,0.0
"(2, 5, False)",0.0,-0.9999999999146165,-1.006053042173591,-1.0842855253831314,0.0,0.0
"(3, 1, False)",-0.9999999999999996,0.0,-0.9998084187686191,-0.7599,0.0,0.0
"(3, 2, False)",-1.382306583296859,-1.689613734868809,-1.6966931799219167,-1.7069084441266096,0.0,0.0
"(3, 3, False)",-1.630840260435063,-1.5359611585780053,-1.5948422056930238,-1.2430348617616032,0.0,0.0
"(3, 4, False)",-1.5148412468575916,-1.0296824999999998,-1.5882969785405359,-1.4934862149970147,0.0,0.0
"(3, 5, False)",0.0,-0.9999999999999996,-1.105540540172713,-1.0004008645956641,0.0,0.0
"(4, 1, False)",-0.7599,0.0,-0.9861587127989999,0.0,0.0,0.0
"(4, 2, False)",-1.2178509819220271,-1.12157953107,-1.1473542517928157,-0.3,0.0,0.0
"(4, 3, False)",-1.2753858444344879,-0.5549999999999999,-1.2408682065097496,-1.2775027766343312,0.0,0.0
"(4, 4, False)",-1.9502029901409035,-1.9502665392022487,-1.9005613345874974,-1.9502806672937476,0.0,0.0
"(4, 5, False)",0.0,-0.9999999999999996,-1.0422152317182976,-1.0183682392608144,0.0,0.0
"(5, 1, False)",-0.657,0.0,-0.3,0.0,0.0,0.0
"(5, 2, False)",-0.9596463929999997,0.0,-0.3,0.0,0.0,0.0
"(5, 3, False)",-1.0000000035966161,-0.8823509999999999,-0.9999990904563196,0.0,0.0,0.0
"(5, 4, False)",-1.0031835604299002,-1.0223857009015838,-0.9999999999999996,0.0,0.0,10.81509
"(5, 5, False)",0.0,-0.9999999994919779,-0.9999342876376363,0.0,0.0,0.0
