"State (x, y, carrying)",North,South,East,West,Pickup,Dropoff
"(1, 1, True)",-0.3,0.0,0.0,-0.51,0.0,0.0
"(1, 2, True)",0.0,0.0,0.0,-0.3,0.0,0.0
"(1, 3, True)",-0.8319300000000001,0.0,0.0,0.0,0.0,0.0
"(1, 4, True)",-0.9423519899999997,0.0,0.0,-0.51,0.0,0.0
"(1, 5, True)",0.0,-0.7599,0.0,-0.9717524750999997,0.0,0.0
"(2, 1, True)",-0.657,0.0,0.0,-0.51,0.0,0.0
"(2, 2, True)",-0.51,-0.51,0.0,-0.9423519899999997,0.0,0.0
"(2, 3, True)",-0.657,-0.51,0.0,-0.7599,0.0,0.0
"(2, 4, True)",-0.8363999999999999,-0.7334999999999999,-0.3,-1.0071404999999998,0.0,0.0
"(2, 5, True)",0.0,-0.7599,-1.0076579999999997,-0.9914324999999999,10.81509,0.0
"(3, 1, True)",-0.9423519899999997,0.0,-0.3,-0.9423519899999997,0.0,0.0
"(3, 2, True)",-1.3960107646499995,-1.2384235874999998,-1.2444167249999998,-1.6182805153712878,0.0,0.0
"(3, 3, True)",-1.2349270275,-1.4716320941116046,-0.9234749999999999,-1.2908304383099996,0.0,0.0
"(3, 4, True)",-0.7402499999999999,-1.2948134332499999,-1.05747,-1.3509552226844996,0.0,0.0
"(3, 5, True)",0.0,-0.7599,-0.9963359999999999,-0.8823509999999999,0.0,0.0
"(4, 1, True)",-0.9999999999999996,0.0,-0.9423519899999997,-0.9861587127989999,0.0,0.0
"(4, 2, True)",-1.9025449115852395,-1.8295200692645075,-1.8775988661488574,-1.7906333991722656,10.716539999999998,0.0
"(4, 3, True)",-0.9836231249999998,-1.4417313802139893,-1.5222773725891992,-1.2740400749999998,0.0,0.0
"(4, 4, True)",-1.2276411929999997,-0.8584499999999999,-1.2502555504739996,-0.9387749999999999,0.0,0.0
"(4, 5, True)",0.0,-0.9423519899999997,-0.9423519899999997,-0.657,0.0,0.0
"(5, 1, True)",-0.7599,0.0,-0.9988601104814625,0.0,9.8787,0.0
"(5, 2, True)",-0.8319300000000001,-0.9983394894255566,-0.9999997816185622,0.0,0.0,0.0
"(5, 3, True)",-0.3,-0.9861587127989999,-0.8319300000000001,0.0,0.0,0.0
"(5, 4, True)",-0.3,-0.9273509999999999,-0.7599,0.0,0.0,0.0
"(5, 5, True)",0.0,-0.3,-0.657,0.0,0.0,0.0
