"State (x, y, carrying)",North,South,East,West,Pickup,Dropoff
"(1, 1, False)",-0.9999987006518853,0.0,0.0,-0.9717524750999997,0.0,10.81509
"(1, 2, False)",-1.1009645727165482,-1.000903343776602,0.0,-0.9999999999999996,0.0,0.0
"(1, 3, False)",-0.9423519899999997,-1.0114395894679613,0.0,-0.9999889557232573,0.0,12.630188015849999
"(1, 4, False)",-0.657,-1.0230295310699997,0.0,-0.9999061251966233,0.0,0.0
"(1, 5, False)",0.0,-0.8319300000000001,0.0,0.0,0.0,0.0
"(2, 1, False)",-0.9999999999581621,0.0,-1.1049202064171297,-1.0124595995642354,0.0,0.0
"(2, 2, False)",-1.9791048843363426,-1.9790692794612086,-1.981359989065876,-1.9629835806559586,0.0,0.0
"(2, 3, False)",-0.7717499999999999,-1.3837310815295056,-1.3856235862178758,-1.2497817918285394,0.0,0.0
"(2, 4, False)",-0.657,-0.9423519899999997,-0.9999342876376363,0.0,0.0,0.0
"(2, 5, False)",0.0,-0.7599,-0.51,-0.9176456999999998,0.0,0.0
"(3, 1, False)",-0.9999999999999996,0.0,-0.9861587127989999,-0.8319300000000001,0.0,0.0
"(3, 2, False)",-1.4380472217187497,-1.7104593775717016,-1.48084376115876,-1.5661941126802028,0.0,0.0
"(3, 3, False)",-1.2315857809462294,-1.604448975315537,-1.3740178651956438,-1.551612239983056,0.0,0.0
"(3, 4, False)",-1.5483446273558263,-1.1568038249999997,-1.1427118237499998,-1.5603408364734788,0.0,0.0
"(3, 5, False)",0.0,-0.9994414541359165,0.0,-0.9999678009424415,0.0,0.0
"(4, 1, False)",-0.3,0.0,-0.9999061251966233,0.0,0.0,0.0
"(4, 2, False)",-1.1492811925183,-1.148147976254971,-1.1446005138628896,-0.3,0.0,0.0
"(4, 3, False)",-1.6228489841123415,-1.2457009687499996,-1.5977714936631104,-1.5905083672774922,0.0,0.0
"(4, 4, False)",-1.9803639464422407,-1.9787035908730215,-1.9756626351810613,-1.987525530965922,0.0,0.0
"(4, 5, False)",0.0,-0.9999962118130772,-1.0005861713988866,-1.000254695067717,0.0,0.0
"(5, 1, False)",-0.657,0.0,-0.657,0.0,0.0,0.0
"(5, 2, False)",-0.8823509999999999,0.0,-0.8319300000000001,0.0,0.0,0.0
"(5, 3, False)",-1.0001586075250422,-0.9176456999999998,-0.9999774606597089,0.0,0.0,0.0
"(5, 4, False)",-1.0172492685154444,-1.006996306613625,-0.9999999999999996,0.0,0.0,12.6290762328
"(5, 5, False)",0.0,-0.9999999998780238,-0.9999999999975877,0.0,0.0,0.0
