"State (x, y, carrying)",North,South,East,West,Pickup,Dropoff
"(1, 1, True)",-0.51,0.0,0.0,-0.657,0.0,0.0
"(1, 2, True)",0.0,0.0,0.0,-0.657,0.0,0.0
"(1, 3, True)",-0.9423519899999997,-0.3,0.0,-0.3,0.0,0.0
"(1, 4, True)",-0.9999987006518853,0.0,0.0,-0.9999342876376363,0.0,0.0
"(1, 5, True)",0.0,-0.9999987006518853,0.0,-0.9999678009424415,0.0,0.0
"(2, 1, True)",-0.51,0.0,0.0,-0.9952524384900567,0.0,0.0
"(2, 2, True)",-0.9646575,-0.8823509999999999,0.0,-0.9176456999999998,0.0,0.0
"(2, 3, True)",-0.9998084187686191,-0.51,0.0,-0.9861587127989999,0.0,0.0
"(2, 4, True)",-1.702051882656122,-1.4041037653124997,-1.6677412838999226,-1.7013193771415187,0.0,0.0
"(2, 5, True)",0.0,-0.9999999999999996,-1.0007075243218864,-1.001862629877327,12.6199248213,0.0
"(3, 1, True)",-0.9999999938312649,0.0,-1.0799988449999998,-1.3488951055337364,0.0,0.0
"(3, 2, True)",-1.3447054136249998,-1.6723526596548743,-1.6300968689426432,-1.6660781133744247,0.0,0.0
"(3, 3, True)",-1.8090092594788714,-1.715039001712078,-1.8273442920460266,-1.7392212785547423,0.0,0.0
"(3, 4, True)",-1.9176907919060682,-1.9175388376611964,-1.9157271793531554,-1.83560261221147,0.0,0.0
"(3, 5, True)",0.0,-0.9999999999999996,-1.000688355738796,-1.1658364149366731,0.0,0.0
"(4, 1, True)",-0.9999999999999996,0.0,-1.1531888142818247,-1.046260552339467,0.0,0.0
"(4, 2, True)",-1.8927071803888869,-1.9462529782438582,-1.921090434748502,-1.9210533070597609,11.825540363816971,0.0
"(4, 3, True)",-1.9451509843845771,-1.9316225108017835,-1.9155996985401709,-1.9577988106145723,0.0,0.0
"(4, 4, True)",-1.9033885777029733,-1.8221554768829529,-1.886801786775462,-1.9194455654401965,0.0,0.0
"(4, 5, True)",0.0,-0.9999999999999996,-1.075633035323367,-1.097332606017495,0.0,0.0
"(5, 1, True)",-0.9999678009424415,0.0,-0.9999999911875213,0.0,11.470562999999999,0.0
"(5, 2, True)",-1.1363115046860623,-1.0735003509569472,-0.9999962118130772,0.0,0.0,0.0
"(5, 3, True)",-1.0340376406311085,-1.032412065402502,-0.9999999999999996,0.0,0.0,0.0
"(5, 4, True)",-1.0586097539757915,-1.010893806174824,-0.9999999999999996,0.0,0.0,0.0
"(5, 5, True)",0.0,-0.9999945883043961,-0.9999540013463453,0.0,0.0,0.0
