"State (x, y, carrying)",North,South,East,West,Pickup,Dropoff
"(1, 1, True)",-0.9988601104814625,0.0,0.0,-0.9998658931380333,0.0,0.0
"(1, 2, True)",-0.9952524384900567,0.0,0.0,-0.9999945883043961,0.0,0.0
"(1, 3, True)",-1.0012064256040751,-0.9903110989592998,0.0,-0.9999990904563196,0.0,0.0
"(1, 4, True)",-1.01059983504035,-1.024389465222878,0.0,-0.9999999938312649,0.0,0.0
"(1, 5, True)",0.0,-0.9999999938312649,0.0,-0.9999999999899545,0.0,0.0
"(2, 1, True)",-0.9999922690062801,0.0,0.0,-0.9999998929930953,0.0,0.0
"(2, 2, True)",-1.88729481158278,-1.8750064790755174,-1.8821485395067898,-1.9043583249394074,0.0,0.0
"(2, 3, True)",-1.9222907547898016,-1.91884944523628,-1.8569494459905682,-1.8899194093630354,0.0,0.0
"(2, 4, True)",-1.9814002889831663,-1.9684888385440396,-1.9820072363233237,-1.9808293974629094,0.0,0.0
"(2, 5, True)",0.0,-0.9999993633194237,-1.0491159859266275,-1.0024421423822694,12.99370025672901,0.0
"(3, 1, True)",-0.9999999911875213,0.0,-0.9997263125265989,-1.0734798837432347,0.0,0.0
"(3, 2, True)",-1.9919122247304177,-1.9878198551930657,-1.9876970958498732,-1.9923743092441315,0.0,0.0
"(3, 3, True)",-1.9845568895040182,-1.9857405304347644,-1.9775018401711515,-1.9860036599084379,0.0,0.0
"(3, 4, True)",-1.9947543836914856,-1.994755224167716,-1.991023193210736,-1.994530121022334,0.0,0.0
"(3, 5, True)",0.0,-0.9999999874107446,-1.0002156686963632,-1.000874945906047,0.0,0.0
"(4, 1, True)",-0.9999999998257483,0.0,-1.0007151357845012,-1.0429252354157452,0.0,0.0
"(4, 2, True)",-1.9857256465313657,-1.9904749282809187,-1.9863420800516807,-1.9876240481405998,12.015109034135047,0.0
"(4, 3, True)",-1.9898572471304996,-1.988250096423662,-1.9823623003031696,-1.9895321788195417,0.0,0.0
"(4, 4, True)",-1.9663236386013971,-1.970107835337659,-1.970375288175047,-1.9583301701575548,0.0,0.0
"(4, 5, True)",0.0,-0.999997348269154,-1.0781594276116662,-1.211331316820341,0.0,0.0
"(5, 1, True)",-0.9999999999899545,0.0,-0.999999999999716,0.0,12.999998012728916,0.0
"(5, 2, True)",-1.0749515401901821,-1.095592233794806,-0.9999999989632204,0.0,0.0,0.0
"(5, 3, True)",-1.0350460939092432,-1.2107379331074175,-0.9999998471329934,0.0,0.0,0.0
"(5, 4, True)",-1.207417326682973,-1.0136890959794773,-0.9999997816185622,0.0,0.0,0.0
"(5, 5, True)",0.0,-0.9999774606597089,-0.9999999938312649,0.0,0.0,0.0
