"State (x, y, carrying)",North,South,East,West,Pickup,Dropoff
"(1, 1, True)",0.0,0.0,0.0,-0.882351,0.0,0.0
"(1, 2, True)",0.0,-0.3,0.0,-0.657,0.0,0.0
"(1, 3, True)",-0.51,-0.3,0.0,-0.3,0.0,0.0
"(1, 4, True)",-1.0078740055954194,0.0,0.0,-0.8319300000000001,0.0,0.0
"(1, 5, True)",0.0,-0.99321776927151,0.0,-0.995252438490057,0.0,0.0
"(2, 1, True)",-1.0580486041875,0.0,0.0,-1.222727478185625,0.0,0.0
"(2, 2, True)",-0.8042624999999999,-1.3360533551443505,-0.931614316100332,-1.2872557155703124,0.0,0.0
"(2, 3, True)",-1.020814906875,-1.21411536665625,0.0,-0.694485,0.0,0.0
"(2, 4, True)",-1.4429548510463277,-1.2898811212499999,-0.9496475624999999,-1.5113747870778478,0.0,0.0
"(2, 5, True)",0.0,-0.98343249975,-1.0758840448795706,-1.1522362354116966,10.6730084625,0.0
"(3, 1, True)",-1.120205794191,0.0,-0.7127418750000001,-1.037695284375,0.0,0.0
"(3, 2, True)",-1.4334837989319107,-1.230086962546875,-1.27306130683125,-1.568186284925643,0.0,0.0
"(3, 3, True)",-1.1829704132484375,-1.4103806355020656,-0.912451623328125,-1.4030430051157823,0.0,0.0
"(3, 4, True)",-1.4909989673307427,-0.9725409744187499,-1.5079936012159365,-1.1967867760828124,0.0,0.0
"(3, 5, True)",0.0,-1.0493934858845615,-1.281484640625,-1.04707764375,0.0,0.0
"(4, 1, True)",-1.0602643253406336,0.0,-1.0846742915156249,-1.0116808099535102,0.0,0.0
"(4, 2, True)",-1.6953584853745054,-1.645385313463051,-1.0713953303643748,-1.5568461284640134,10.6693226064375,0.0
"(4, 3, True)",-0.56175,-1.360765057680729,-1.2822633074434386,-1.3374575079118942,0.0,0.0
"(4, 4, True)",-0.9868418417175,-0.7599,-0.95214626925,0.0,0.0,0.0
"(4, 5, True)",0.0,-1.00529340789201,-0.51,-0.3,0.0,0.0
"(5, 1, True)",-0.9999342876376365,0.0,-0.8319300000000001,0.0,10.81509,0.0
"(5, 2, True)",-1.1081610327491842,-1.0673154083426357,-1.0047148601442986,0.0,0.0,0.0
"(5, 3, True)",0.0,-0.9985211345896527,-0.959646393,0.0,0.0,0.0
"(5, 4, True)",0.0,-0.657,-0.51,0.0,0.0,0.0
"(5, 5, True)",0.0,0.0,-0.3,0.0,0.0,0.0
